Alabama,"Anniston, AL ",https://www.avis.com/en/locations/us/al/anniston/anb," Anniston, AL"," 1100 S Quintard Ave,"," 1100 S Quintard Ave, Anniston, AL, 36201, U S A"
Alabama,Birmingham-Shuttlesworth Intl ,https://www.avis.com/en/locations/us/al/birmingham/bhm, Birmingham-Shuttlesworth Intl," 5900 Messer Airport Hwy,"," 5900 Messer Airport Hwy, Birmingham, AL, 35212, U S A"
Alabama,Colonnade Shopping Center ,https://www.avis.com/en/locations/us/al/birmingham/b5h, Colonnade Shopping Center," 3439 Colonnade Pkwy - Ste 700,"," 3439 Colonnade Pkwy - Ste 700, Birmingham, AL, 35243, U S A"
Alabama,Dothan Regional Airport ,https://www.avis.com/en/locations/us/al/dothan/dhn, Dothan Regional Airport," 800 Airport Dr - Ste 12,"," 800 Airport Dr - Ste 12, Dothan, AL, 36303, U S A"
Alabama,Huntsville Intl Airport ,https://www.avis.com/en/locations/us/al/huntsville/hsv, Huntsville Intl Airport," 1000 Glenn Hearn Blvd SW,"," 1000 Glenn Hearn Blvd SW, Ste 109B, Huntsville, AL, 35824, U S A"
Alabama,"Huntsville, AL ",https://www.avis.com/en/locations/us/al/huntsville/avhsv," Huntsville, AL"," 3154 University Dr Northwest,"," 3154 University Dr Northwest, Huntsville, AL, 35816, U S A"
Alabama,Mobile Regional Airport ,https://www.avis.com/en/locations/us/al/mobile/mob, Mobile Regional Airport," 8400 Airport Blvd,"," 8400 Airport Blvd, Mobile, AL, 36608, U S A"
Alabama,Montgomery Aviation - Dannelly ,https://www.avis.com/en/locations/us/al/montgomery/mg2, Montgomery Aviation - Dannelly," 3485 Selma Hwy,"," 3485 Selma Hwy, (Private Plane Arrivals Only), Montgomery, AL, 36195, U S A"
Alabama,Montgomery East Side ,https://www.avis.com/en/locations/us/al/montgomery/ma7, Montgomery East Side," 4740 Vaughn Rd,"," 4740 Vaughn Rd, Montgomery, AL, 36116, U S A"
Alabama,Montgomery Regional Airport ,https://www.avis.com/en/locations/us/al/montgomery/mgm, Montgomery Regional Airport," 4445 Selma Hwy,"," 4445 Selma Hwy, Montgomery, AL, 36108, U S A"
Alabama,Prattville East Shopping Ctr ,https://www.avis.com/en/locations/us/al/prattville/p6a, Prattville East Shopping Ctr," 1702 E Main St,"," 1702 E Main St, (beside Bama Lanes), Prattville, AL, 36066, U S A"
Alabama,Tuscaloosa National Airport ,https://www.avis.com/en/locations/us/al/tuscaloosa/tcl, Tuscaloosa National Airport," 7601 R Cardinal Airport Rd,"," 7601 R Cardinal Airport Rd, Ste 100, Tuscaloosa, AL, 35401, U S A"
Alaska,Anchorage Downtown ,https://www.avis.com/en/locations/us/ak/anchorage/ac2, Anchorage Downtown," 441 B St,"," 441 B St, Anchorage, AK, 99501, U S A"
Alaska,Anchorage Intl Airport ,https://www.avis.com/en/locations/us/ak/anchorage/anc, Anchorage Intl Airport," 5000 W Intl Airport Rd,"," 5000 W Intl Airport Rd, Anchorage, AK, 99502, U S A"
Alaska,Fairbanks Intl Airport ,https://www.avis.com/en/locations/us/ak/fairbanks/fai, Fairbanks Intl Airport," 6450 Airport Way - Ste 5,"," 6450 Airport Way - Ste 5, Fairbanks, AK, 99709, U S A"
Alaska,Hotel Halsingland ,https://www.avis.com/en/locations/us/ak/haines/h84, Hotel Halsingland," 13 Fort Seward Dr,"," 13 Fort Seward Dr, (Seasonal: 01MAY23-30SEP23), Haines, AK, 99827, U S A"
Alaska,Cruiseship Port Area ,https://www.avis.com/en/locations/us/ak/juneau/j2d, Cruiseship Port Area," 111 Mill St,"," 111 Mill St, (Seasonal: 01MAY23-30SEP23), Juneau, AK, 99801, U S A"
Alaska,Juneau Intl Airport ,https://www.avis.com/en/locations/us/ak/juneau/jnu, Juneau Intl Airport," 1873 Shell Simmons Dr,"," 1873 Shell Simmons Dr, Ste 5120, Juneau, AK, 99801, U S A"
Alaska,Kenai Intl Airport ,https://www.avis.com/en/locations/us/ak/kenai/ena, Kenai Intl Airport," 305 N Willow St - Ste 114,"," 305 N Willow St - Ste 114, Kenai, AK, 99611, U S A"
Alaska,Kodiak Benny Benson State Apo ,https://www.avis.com/en/locations/us/ak/kodiak/adq, Kodiak Benny Benson State Apo," 1647 Airport Way - Ste A,"," 1647 Airport Way - Ste A, Kodiak, AK, 99615, U S A"
Alaska,Sitka Rocky Gutierrez Airport ,https://www.avis.com/en/locations/us/ak/sitka/sit, Sitka Rocky Gutierrez Airport," 605 Airport Dr,"," 605 Airport Dr, Sitka, AK, 99835, U S A"
Alaska,"Skagway, AK ",https://www.avis.com/en/locations/us/ak/skagway/ak8," Skagway, AK"," State St &amp; 2nd Ave,"," State St &amp; 2nd Ave, (Seasonal: 18APR23-25OCT23), Skagway, AK, 99840, U S A"
Alaska,Whittier Harbor Store ,https://www.avis.com/en/locations/us/ak/whittier/wt2, Whittier Harbor Store," Lot 8-Small Boat Harbor,"," Lot 8-Small Boat Harbor, (Seasonal: 08MAY23-17SEP23), Whittier, AK, 99693, U S A"
Arizona,Avondale ,https://www.avis.com/en/locations/us/az/avondale/v7b, Avondale," 205 E Van Buren St,"," 205 E Van Buren St, (2 blocks west of Dysart Rd), Avondale, AZ, 85323, U S A"
Arizona,Laughlin/Bullhead Intl Airport ,https://www.avis.com/en/locations/us/az/bullhead-city/ifp, Laughlin/Bullhead Intl Airport," 2550 Laughlin View Dr,"," 2550 Laughlin View Dr, Bullhead City, AZ, 86429, U S A"
Arizona,Chandler - Arizona Ave ,https://www.avis.com/en/locations/us/az/chandler/ca3, Chandler - Arizona Ave," 1401 N Arizona Ave,"," 1401 N Arizona Ave, (at Knox Rd), Chandler, AZ, 85225, U S A"
Arizona,Closed to Public - Uber Drivers Only ,https://www.avis.com/en/locations/us/az/chandler/ubc5a,Chandler - Arizona Ave,"
                                                    1401 N Arizona Ave
                                                ",
Arizona,Closed to Public - Uber Drivers Only ,https://www.avis.com/en/locations/us/az/chandler/ubc5a,Ocotillo Plaza Shopping Center,"
                                                    2860 S Alma School Rd - Ste 34
                                                ",
Arizona,Closed to Public - Uber Drivers Only ,https://www.avis.com/en/locations/us/az/chandler/ubc5a,Closed to Public - Uber Drivers Only,"
                                                    3855 W Ray Rd - Ste 1
                                                ",
Arizona,Closed to Public - Uber Drivers Only ,https://www.avis.com/en/locations/us/az/chandler/ubc5a,West Chandler,"
                                                    3855 W Ray Rd - Ste 1
                                                ",
Arizona,Closed to Public - Uber Drivers Only ,https://www.avis.com/en/locations/us/az/chandler/ubc5a,Mesa - Country Club Dr,"
                                                    529 S Country Club Dr
                                                ",
Arizona,Closed to Public - Uber Drivers Only ,https://www.avis.com/en/locations/us/az/chandler/ubc5a,Closed to Public - Uber Drivers Only,"
                                                    6322 E Superstition Springs Blvd
                                                ",
Arizona,Closed to Public - Uber Drivers Only ,https://www.avis.com/en/locations/us/az/chandler/ubc5a,Superstition Springs Center,"
                                                    6322 E Superstition Springs Blvd
                                                ",
Arizona,Closed to Public - Uber Drivers Only ,https://www.avis.com/en/locations/us/az/chandler/ubc5a,Country Inn &amp; Suites,"
                                                    6650 E Superstition Springs Blvd
                                                ",
Arizona,Closed to Public - Uber Drivers Only ,https://www.avis.com/en/locations/us/az/chandler/ubc5a,Tempe,"
                                                    1412 N Scottsdale Rd
                                                ",
Arizona,Closed to Public - Uber Drivers Only ,https://www.avis.com/en/locations/us/az/chandler/ubc5a,Phoenix Sky Harbor Intl Airport,"
                                                    1805 E Sky Harbor Circle South
                                                ",
Arizona,Closed to Public - Uber Drivers Only ,https://www.avis.com/en/locations/us/az/chandler/ubc5a,DoubleTree Paradise Valley Rst,"
                                                    5401 N Scottsdale Rd
                                                ",
Arizona,Closed to Public - Uber Drivers Only ,https://www.avis.com/en/locations/us/az/chandler/ubc5a,Pavilions at Talking Stick,"
                                                    8969 E Talking Stick Way - C-7
                                                ",
Arizona,Closed to Public - Uber Drivers Only ,https://www.avis.com/en/locations/us/az/chandler/ubc5a,Central Phoenix,"
                                                    2640 E Indian School Rd
                                                ",
Arizona,Closed to Public - Uber Drivers Only ,https://www.avis.com/en/locations/us/az/chandler/ubc5a,Closed to Public - Uber Drivers Only,"
                                                    8752 E Shea Blvd - Ste 132
                                                ",
Arizona,Closed to Public - Uber Drivers Only ,https://www.avis.com/en/locations/us/az/chandler/ubc5a,Pima Crossing Shopping Center,"
                                                    8752 E Shea Blvd - Ste 132
                                                ",
Arizona,Closed to Public - Uber Drivers Only ,https://www.avis.com/en/locations/us/az/chandler/ubc5a,Phoenix - Travelers Inn,"
                                                    5102 W Latham St
                                                ",
Arizona,Closed to Public - Uber Drivers Only ,https://www.avis.com/en/locations/us/az/chandler/ubc5a,Scottsdale - Northsight Blvd,"
                                                    14880 N Northsight Blvd
                                                ",
Arizona,Ocotillo Plaza Shopping Center ,https://www.avis.com/en/locations/us/az/chandler/k2l, Ocotillo Plaza Shopping Center," 2860 S Alma School Rd - Ste 34,"," 2860 S Alma School Rd - Ste 34, (next to Shoppers Supply), Chandler, AZ, 85286, U S A"
Arizona,West Chandler ,https://www.avis.com/en/locations/us/az/chandler/c5a, West Chandler," 3855 W Ray Rd - Ste 1,"," 3855 W Ray Rd - Ste 1, (at McClintock Dr), Chandler, AZ, 85226, U S A"
Arizona,Flagstaff Downtown ,https://www.avis.com/en/locations/us/az/flagstaff/fg2, Flagstaff Downtown," 1426 State Route 66 - Ste 101,"," 1426 State Route 66 - Ste 101, (at Switzer Canyon Dr), Flagstaff, AZ, 86001, U S A"
Arizona,Flagstaff Pulliam Airport ,https://www.avis.com/en/locations/us/az/flagstaff/flg, Flagstaff Pulliam Airport," 6200 S Pulliam Dr - Ste 105,"," 6200 S Pulliam Dr - Ste 105, Flagstaff, AZ, 86005, U S A"
Arizona,Glendale (at 67th Ave) ,https://www.avis.com/en/locations/us/az/glendale/u1g, Glendale (at 67th Ave)," 6666 W Bell Rd,"," 6666 W Bell Rd, Glendale, AZ, 85308, U S A"
Arizona,Goodyear-Hampton Inn ,https://www.avis.com/en/locations/us/az/goodyear/g5y, Goodyear-Hampton Inn," 2000 N Litchfield Rd,"," 2000 N Litchfield Rd, (north of I-10 near McDowell), Goodyear, AZ, 85395, U S A"
Arizona,Lake Havasu City Airport ,https://www.avis.com/en/locations/us/az/lake-havasu-city/hii, Lake Havasu City Airport," 5600 N Hwy 95,"," 5600 N Hwy 95, Lake Havasu City, AZ, 86404, U S A"
Arizona,Country Inn &amp; Suites ,https://www.avis.com/en/locations/us/az/mesa/w9z, Country Inn &amp; Suites," 6650 E Superstition Springs Blvd,"," 6650 E Superstition Springs Blvd, Mesa, AZ, 85206, U S A"
Arizona,Mesa - Country Club Dr ,https://www.avis.com/en/locations/us/az/mesa/x5m, Mesa - Country Club Dr," 529 S Country Club Dr,"," 529 S Country Club Dr, Mesa, AZ, 85210, U S A"
Arizona,Superstition Springs Center ,https://www.avis.com/en/locations/us/az/mesa/gi3, Superstition Springs Center," 6322 E Superstition Springs Blvd,"," 6322 E Superstition Springs Blvd, Ste 111, Mesa, AZ, 85206, U S A"
Arizona,Page Municipal Airport ,https://www.avis.com/en/locations/us/az/page/pga, Page Municipal Airport," 238 10th Ave,"," 238 10th Ave, Page, AZ, 86040, U S A"
Arizona,Bell Towne Plaza ,https://www.avis.com/en/locations/us/az/phoenix/p2a, Bell Towne Plaza," 245 E Bell Rd - Ste 24,"," 245 E Bell Rd - Ste 24, Phoenix, AZ, 85022, U S A"
Arizona,Central Phoenix ,https://www.avis.com/en/locations/us/az/phoenix/q8p, Central Phoenix," 2640 E Indian School Rd,"," 2640 E Indian School Rd, Phoenix, AZ, 85016, U S A"
Arizona,Phoenix - Travelers Inn ,https://www.avis.com/en/locations/us/az/phoenix/avnx1, Phoenix - Travelers Inn," 5102 W Latham St,"," 5102 W Latham St, Phoenix, AZ, 85043, U S A"
Arizona,Phoenix Sky Harbor Intl Airport ,https://www.avis.com/en/locations/us/az/phoenix/phx, Phoenix Sky Harbor Intl Airport," 1805 E Sky Harbor Circle South,"," 1805 E Sky Harbor Circle South, Phoenix, AZ, 85034, U S A"
Arizona,Union Hills Village ,https://www.avis.com/en/locations/us/az/phoenix/n19, Union Hills Village," 18631 N 19th Ave - Ste 128,"," 18631 N 19th Ave - Ste 128, Phoenix, AZ, 85027, U S A"
Arizona,Prescott Gateway Mall ,https://www.avis.com/en/locations/us/az/prescott/p9s, Prescott Gateway Mall," 3280 Gateway Blvd - Ste 310,"," 3280 Gateway Blvd - Ste 310, Prescott, AZ, 86303, U S A"
Arizona,Prescott Regional Airport ,https://www.avis.com/en/locations/us/az/prescott/prc, Prescott Regional Airport," 6600 Airport Ave,"," 6600 Airport Ave, Prescott, AZ, 86301, U S A"
Arizona,Closed to Public - Uber Drivers Only ,https://www.avis.com/en/locations/us/az/scottsdale/uby8s, Closed to Public - Uber Drivers Only," 8752 E Shea Blvd - Ste 132,"," 8752 E Shea Blvd - Ste 132, Pima Crossing, Scottsdale, AZ, 85260, U S A"
Arizona,DoubleTree Paradise Valley Rst ,https://www.avis.com/en/locations/us/az/scottsdale/sco, DoubleTree Paradise Valley Rst," 5401 N Scottsdale Rd,"," 5401 N Scottsdale Rd, Scottsdale, AZ, 85250, U S A"
Arizona,Pavilions at Talking Stick ,https://www.avis.com/en/locations/us/az/scottsdale/d89, Pavilions at Talking Stick," 8969 E Talking Stick Way - C-7,"," 8969 E Talking Stick Way - C-7, (a.k.a. E Indian Bend Rd), Scottsdale, AZ, 85250, U S A"
Arizona,Pima Crossing Shopping Center ,https://www.avis.com/en/locations/us/az/scottsdale/y8s, Pima Crossing Shopping Center," 8752 E Shea Blvd - Ste 132,"," 8752 E Shea Blvd - Ste 132, Scottsdale, AZ, 85260, U S A"
Arizona,Scottsdale - Northsight Blvd ,https://www.avis.com/en/locations/us/az/scottsdale/sz8, Scottsdale - Northsight Blvd," 14880 N Northsight Blvd,"," 14880 N Northsight Blvd, Ste 105, Scottsdale, AZ, 85260, U S A"
Arizona,Frys Food &amp; Drug ,https://www.avis.com/en/locations/us/az/sun-city/su7, Frys Food &amp; Drug," 10660 Grand Ave,"," 10660 Grand Ave, Sun City, AZ, 85351, U S A"
Arizona,Surprise ,https://www.avis.com/en/locations/us/az/surprise/u4r, Surprise," 17150 N 134th Dr,"," 17150 N 134th Dr, Surprise, AZ, 85378, U S A"
Arizona,Tempe ,https://www.avis.com/en/locations/us/az/tempe/q2t, Tempe," 1412 N Scottsdale Rd,"," 1412 N Scottsdale Rd, (at Weber Rd), Tempe, AZ, 85281, U S A"
Arizona,Embassy Plaza-NW Tucson/Marana ,https://www.avis.com/en/locations/us/az/tucson/tu6, Embassy Plaza-NW Tucson/Marana," 3924 W Ina Rd - Ste 306,"," 3924 W Ina Rd - Ste 306, (at Thornydale Rd), Tucson, AZ, 85741, U S A"
Arizona,Loews Ventana Canyon Resort ,https://www.avis.com/en/locations/us/az/tucson/lhvc1, Loews Ventana Canyon Resort," 7000 N Resort Dr,"," 7000 N Resort Dr, Tucson, AZ, 85750, U S A"
Arizona,Tucson - Tanque Verde Rd ,https://www.avis.com/en/locations/us/az/tucson/avta1, Tucson - Tanque Verde Rd," 6505 E Tanque Verde Rd,"," 6505 E Tanque Verde Rd, Tucson, AZ, 85715, U S A"
Arizona,Tucson - Valencia Rd ,https://www.avis.com/en/locations/us/az/tucson/qd2, Tucson - Valencia Rd," 2707 E Valencia Rd,"," 2707 E Valencia Rd, Bldg 1, Tucson, AZ, 85706, U S A"
Arizona,Tucson Intl Airport ,https://www.avis.com/en/locations/us/az/tucson/tus, Tucson Intl Airport," 7275 S Tucson Blvd - Ste 145,"," 7275 S Tucson Blvd - Ste 145, Tucson, AZ, 85756, U S A"
Arizona,Yuma ,https://www.avis.com/en/locations/us/az/yuma/y3a, Yuma," 3040 S Pacific Ave,"," 3040 S Pacific Ave, Yuma, AZ, 85365, U S A"
Arizona,Yuma Intl Airport ,https://www.avis.com/en/locations/us/az/yuma/yum, Yuma Intl Airport," 2097 E 32nd St - Ste K,"," 2097 E 32nd St - Ste K, Yuma, AZ, 85365, U S A"
Arkansas,Bentonville ,https://www.avis.com/en/locations/us/ar/bentonville/x2b, Bentonville," 815 SW 8th St,"," 815 SW 8th St, Bentonville, AR, 72712, U S A"
Arkansas,NW Arkansas National Airport ,https://www.avis.com/en/locations/us/ar/bentonville/xna, NW Arkansas National Airport," 1 Airport Blvd - Ste 110,"," 1 Airport Blvd - Ste 110, Bentonville, AR, 72713, U S A"
Arkansas,Northwest Arkansas Mall ,https://www.avis.com/en/locations/us/ar/fayetteville/s4d, Northwest Arkansas Mall," 4201 N Shiloh Dr - Ste 1260,"," 4201 N Shiloh Dr - Ste 1260, Fayetteville, AR, 72703, U S A"
Arkansas,Fort Smith Regional Airport ,https://www.avis.com/en/locations/us/ar/fort-smith/fsm, Fort Smith Regional Airport," 6700 McKennon Blvd - Ste 113,"," 6700 McKennon Blvd - Ste 113, Fort Smith, AR, 72903, U S A"
Arkansas,Bill &amp; Hillary Clinton Nat Apo ,https://www.avis.com/en/locations/us/ar/little-rock/lit, Bill &amp; Hillary Clinton Nat Apo," 1 Airport Rd,"," 1 Airport Rd, Little Rock, AR, 72202, U S A"
Arkansas,McCain Mall ,https://www.avis.com/en/locations/us/ar/north-little-rock/nl1, McCain Mall," 3929 McCain Blvd - Ste H02,"," 3929 McCain Blvd - Ste H02, (Regal Cinemas entrance), North Little Rock, AR, 72116, U S A"
Arkansas,Texarkana Regional Airport ,https://www.avis.com/en/locations/us/ar/texarkana/txk, Texarkana Regional Airport," 305 Airport Dr,"," 305 Airport Dr, Texarkana, AR, 71854, U S A"
California,Alhambra ,https://www.avis.com/en/locations/us/ca/alhambra/a5c, Alhambra," 330 S Garfield Ave - Ste 108,"," 330 S Garfield Ave - Ste 108, (btwn Commonwealth &amp; Mission), Alhambra, CA, 91801, U S A"
California,Anaheim - Katella Ave ,https://www.avis.com/en/locations/us/ca/anaheim/ana, Anaheim - Katella Ave," 200 W Katella Ave,"," 200 W Katella Ave, Anaheim, CA, 92802, U S A"
California,Anaheim Hills Business Center ,https://www.avis.com/en/locations/us/ca/anaheim/h6a, Anaheim Hills Business Center," 5120 E La Palma Ave - Ste 102,"," 5120 E La Palma Ave - Ste 102, Anaheim, CA, 92807, U S A"
California,Arcadia (Southern California) ,https://www.avis.com/en/locations/us/ca/arcadia/ard, Arcadia (Southern California)," 112 N First Ave,"," 112 N First Ave, (btwn Huntington &amp; Colorado), Arcadia, CA, 91006, U S A"
California,Closed to Public - BAE Systems Only ,https://www.avis.com/en/locations/us/ca/bae-systems-only-san-diego/x2w, Closed to Public - BAE Systems Only," 10920 Technology Pl,"," 10920 Technology Pl, (San Diego), BAE Systems Only/San Diego, CA, 92127, U S A"
California,Bakersfield ,https://www.avis.com/en/locations/us/ca/bakersfield/b4c, Bakersfield," 4208 Wible Rd,"," 4208 Wible Rd, (south of White Ln), Bakersfield, CA, 93313, U S A"
California,Meadows Field Airport ,https://www.avis.com/en/locations/us/ca/bakersfield/bfl, Meadows Field Airport," 3701 Wings Way,"," 3701 Wings Way, Bakersfield, CA, 93308, U S A"
California,Barstow ,https://www.avis.com/en/locations/us/ca/barstow/bs1, Barstow," 1581 W Main St,"," 1581 W Main St, Barstow, CA, 92311, U S A"
California,El Mercado Shopping Center ,https://www.avis.com/en/locations/us/ca/belmont/be0, El Mercado Shopping Center," 1501 El Camino Real - Ste 201,"," 1501 El Camino Real - Ste 201, (lower level), Belmont, CA, 94002, U S A"
California,Berkeley - Gilman St ,https://www.avis.com/en/locations/us/ca/berkeley/uc6, Berkeley - Gilman St," 600 Gilman St,"," 600 Gilman St, Berkeley, CA, 94710, U S A"
California,Berkeley - Kittredge St ,https://www.avis.com/en/locations/us/ca/berkeley/ucb, Berkeley - Kittredge St," 2000 Kittredge St,"," 2000 Kittredge St, (btwn Shattuck Av &amp; Milvia St), Berkeley, CA, 94704, U S A"
California,Beverly Hills ,https://www.avis.com/en/locations/us/ca/beverly-hills/z6s, Beverly Hills," 9815 Wilshire Blvd,"," 9815 Wilshire Blvd, (cnr Wilshire &amp; Santa Monica), Beverly Hills, CA, 90210, U S A"
California,Burbank Downtown ,https://www.avis.com/en/locations/us/ca/burbank/b5b, Burbank Downtown," 2509 W Olive Ave,"," 2509 W Olive Ave, (1 block west of Buena Vista), Burbank, CA, 91505, U S A"
California,Burbank/Bob Hope Airport ,https://www.avis.com/en/locations/us/ca/burbank/bur, Burbank/Bob Hope Airport," 2501 N Hollywood Way - Ste 7,"," 2501 N Hollywood Way - Ste 7, Burbank, CA, 91505, U S A"
California,Camarillo Plaza ,https://www.avis.com/en/locations/us/ca/camarillo/c9m, Camarillo Plaza," 1727 E Daily Dr - Ste E,"," 1727 E Daily Dr - Ste E, Camarillo, CA, 93010, U S A"
California,McClellan Palomar Airport ,https://www.avis.com/en/locations/us/ca/carlsbad/cld, McClellan Palomar Airport," 2198 Palomar Airport Rd,"," 2198 Palomar Airport Rd, (1/2 mile west of El Camino Real), Carlsbad, CA, 92008, U S A"
California,Chico Mall ,https://www.avis.com/en/locations/us/ca/chico/c1x, Chico Mall," 1950 E 20th St,"," 1950 E 20th St, Chico, CA, 95928, U S A"
California,Chino Hills Marketplace ,https://www.avis.com/en/locations/us/ca/chino-hills/c0o, Chino Hills Marketplace," 4200 Chino Hills Pkwy - Ste 645,"," 4200 Chino Hills Pkwy - Ste 645, Chino Hills, CA, 91709, U S A"
California,Chula Vista - L St ,https://www.avis.com/en/locations/us/ca/chula-vista/qc0, Chula Vista - L St," 690 L St,"," 690 L St, Chula Vista, CA, 91911, U S A"
California,Citrus Heights ,https://www.avis.com/en/locations/us/ca/citrus-heights/c8b, Citrus Heights," 6019 Auburn Blvd,"," 6019 Auburn Blvd, Citrus Heights, CA, 95621, U S A"
California,Colton ,https://www.avis.com/en/locations/us/ca/colton/nd4, Colton," 1700 W Valley Blvd,"," 1700 W Valley Blvd, Colton, CA, 92324, U S A"
California,"Concord, CA ",https://www.avis.com/en/locations/us/ca/concord/ccr," Concord, CA"," 1790 Concord Ave,"," 1790 Concord Ave, Concord, CA, 94520, U S A"
California,Temescal Village Plaza ,https://www.avis.com/en/locations/us/ca/corona/avcc3, Temescal Village Plaza," 1181 Magnolia Ave - Ste 103,"," 1181 Magnolia Ave - Ste 103, Corona, CA, 92879, U S A"
California,Loews Coronado Bay Resort ,https://www.avis.com/en/locations/us/ca/coronado/avclh, Loews Coronado Bay Resort," 4000 Coronado Bay Rd,"," 4000 Coronado Bay Rd, (Hotel Guests Only), Coronado, CA, 92118, U S A"
California,Costa Mesa ,https://www.avis.com/en/locations/us/ca/costa-mesa/h68, Costa Mesa," 1989 Harbor Blvd,"," 1989 Harbor Blvd, Costa Mesa, CA, 92627, U S A"
California,Covina ,https://www.avis.com/en/locations/us/ca/covina/v2n, Covina," 241 S Citrus Ave,"," 241 S Citrus Ave, (between Puente &amp; Dexter Sts), Covina, CA, 91723, U S A"
California,Covina - E Arrow Hwy ,https://www.avis.com/en/locations/us/ca/covina/avco1, Covina - E Arrow Hwy," 19034 E Arrow Hwy,"," 19034 E Arrow Hwy, Covina, CA, 91722, U S A"
California,Del Norte Reg/CAL-ORE Life Flt ,https://www.avis.com/en/locations/us/ca/crescent-city/cec, Del Norte Reg/CAL-ORE Life Flt," 1741 Dale Rupert Rd,"," 1741 Dale Rupert Rd, Crescent City, CA, 95531, U S A"
California,Culver City ,https://www.avis.com/en/locations/us/ca/culver-city/v06, Culver City," 4246 Sepulveda Blvd,"," 4246 Sepulveda Blvd, Culver City, CA, 90230, U S A"
California,Cypress ,https://www.avis.com/en/locations/us/ca/cypress/cq6, Cypress," 5032 Lincoln Ave,"," 5032 Lincoln Ave, Cypress, CA, 90630, U S A"
California,Diamond Bar ,https://www.avis.com/en/locations/us/ca/diamond-bar/dm5, Diamond Bar," 20855 Golden Springs Dr,"," 20855 Golden Springs Dr, Ste 100, Diamond Bar, CA, 91789, U S A"
California,Parkway Plaza ,https://www.avis.com/en/locations/us/ca/el-cajon/e4c, Parkway Plaza," 163 Fletcher Pkwy,"," 163 Fletcher Pkwy, (by the HomeGoods store), El Cajon, CA, 92020, U S A"
California,Elk Grove ,https://www.avis.com/en/locations/us/ca/elk-grove/e4g, Elk Grove," 8696 Elk Grove Blvd - Ste 9,"," 8696 Elk Grove Blvd - Ste 9, Elk Grove, CA, 95624, U S A"
California,Closed to Public - Uber Drivers Only ,https://www.avis.com/en/locations/us/ca/escondido/ube5s,Escondido,"
                                                    2040 Auto Park Way
                                                ",
California,Closed to Public - Uber Drivers Only ,https://www.avis.com/en/locations/us/ca/escondido/ube5s,Closed to Public - Uber Drivers Only,"
                                                    2040 Auto Park Way
                                                ",
California,Closed to Public - Uber Drivers Only ,https://www.avis.com/en/locations/us/ca/escondido/ube5s,Rancho Bernardo,"
                                                    16410 Bernardo Center Dr
                                                ",
California,Closed to Public - Uber Drivers Only ,https://www.avis.com/en/locations/us/ca/escondido/ube5s,Closed to Public - HP Inc Employees Only,"
                                                    Preferred Wizard Number Required
                                                ",
California,Closed to Public - Uber Drivers Only ,https://www.avis.com/en/locations/us/ca/escondido/ube5s,Closed to Public - BAE Systems Only,"
                                                    10920 Technology Pl
                                                ",
California,Closed to Public - Uber Drivers Only ,https://www.avis.com/en/locations/us/ca/escondido/ube5s,McClellan Palomar Airport,"
                                                    2198 Palomar Airport Rd
                                                ",
California,Closed to Public - Uber Drivers Only ,https://www.avis.com/en/locations/us/ca/escondido/ube5s,Closed to Public - Uber Drivers Only,"
                                                    1859 W Vista Way
                                                ",
California,Closed to Public - Uber Drivers Only ,https://www.avis.com/en/locations/us/ca/escondido/ube5s,Vista,"
                                                    1859 W Vista Way
                                                ",
California,Closed to Public - Uber Drivers Only ,https://www.avis.com/en/locations/us/ca/escondido/ube5s,Poway,"
                                                    12631 Poway Rd
                                                ",
California,Closed to Public - Uber Drivers Only ,https://www.avis.com/en/locations/us/ca/escondido/ube5s,Piazza Carmel Shopping Center,"
                                                    3890 Valley Centre Dr - Ste 103
                                                ",
California,Closed to Public - Uber Drivers Only ,https://www.avis.com/en/locations/us/ca/escondido/ube5s,Town &amp; Country Shopping Center,"
                                                    1771 Oceanside Blvd - Ste B
                                                ",
California,Closed to Public - Uber Drivers Only ,https://www.avis.com/en/locations/us/ca/escondido/ube5s,Miramar/San Diego,"
                                                    8720 Miramar Rd
                                                ",
California,Closed to Public - Uber Drivers Only ,https://www.avis.com/en/locations/us/ca/escondido/ube5s,La Jolla Embassy Suites,"
                                                    4550 La Jolla Village Dr
                                                ",
California,Closed to Public - Uber Drivers Only ,https://www.avis.com/en/locations/us/ca/escondido/ube5s,Kearny Mesa,"
                                                    7815 Balboa Ave
                                                ",
California,Closed to Public - Uber Drivers Only ,https://www.avis.com/en/locations/us/ca/escondido/ube5s,La Jolla,"
                                                    1110 Torrey Pines Rd - Ste H
                                                ",
California,Closed to Public - Uber Drivers Only ,https://www.avis.com/en/locations/us/ca/escondido/ube5s,Parkway Plaza,"
                                                    163 Fletcher Pkwy
                                                ",
California,Closed to Public - Uber Drivers Only ,https://www.avis.com/en/locations/us/ca/escondido/ube5s,Closed to Public - Uber Drivers Only,"
                                                    163 Fletcher Pkwy
                                                ",
California,Escondido ,https://www.avis.com/en/locations/us/ca/escondido/e5s, Escondido," 2040 Auto Park Way,"," 2040 Auto Park Way, Escondido, CA, 92029, U S A"
California,Fairfield ,https://www.avis.com/en/locations/us/ca/fairfield/ff0, Fairfield," 600 Parker Rd,"," 600 Parker Rd, Fairfield, CA, 94533, U S A"
California,Willow Creek Town Center ,https://www.avis.com/en/locations/us/ca/folsom/avfsm, Willow Creek Town Center," 1011 E Bidwell St - Ste 117,"," 1011 E Bidwell St - Ste 117, Folsom, CA, 95630, U S A"
California,Foster City ,https://www.avis.com/en/locations/us/ca/foster-city/qf5, Foster City," 1133 Chess Dr,"," 1133 Chess Dr, Foster City, CA, 94404, U S A"
California,Fremont ,https://www.avis.com/en/locations/us/ca/fremont/fc0, Fremont," 5307 Central Ave,"," 5307 Central Ave, Fremont, CA, 94536, U S A"
California,Fresno - N Blackstone Ave ,https://www.avis.com/en/locations/us/ca/fresno/avfc1, Fresno - N Blackstone Ave," 6261 N Blackstone Ave,"," 6261 N Blackstone Ave, Fresno, CA, 93710, U S A"
California,Fresno Downtown ,https://www.avis.com/en/locations/us/ca/fresno/cf9, Fresno Downtown," 2110 Ventura St,"," 2110 Ventura St, (at Van Ness Ave), Fresno, CA, 93721, U S A"
California,Fresno Yosemite Intl Airport ,https://www.avis.com/en/locations/us/ca/fresno/fat, Fresno Yosemite Intl Airport," 5175 E Clinton Way,"," 5175 E Clinton Way, Fresno, CA, 93727, U S A"
California,East Fullerton ,https://www.avis.com/en/locations/us/ca/fullerton/fu3, East Fullerton," 1900 E Orangethorpe Ave,"," 1900 E Orangethorpe Ave, (btwn Acacia Ave &amp; State College Blvd), Fullerton, CA, 92831, U S A"
California,La Mancha Shopping Center ,https://www.avis.com/en/locations/us/ca/fullerton/f9c, La Mancha Shopping Center," 1105 N Harbor Blvd,"," 1105 N Harbor Blvd, Fullerton, CA, 92832, U S A"
California,Marriott Suites Hotel ,https://www.avis.com/en/locations/us/ca/garden-grove/avdis, Marriott Suites Hotel," 12015 Harbor Blvd,"," 12015 Harbor Blvd, Garden Grove, CA, 92840, U S A"
California,Closed to Public - Uber Drivers Only ,https://www.avis.com/en/locations/us/ca/glendale/ubjgx,Glendale - Brand Blvd,"
                                                    617 S Brand Blvd
                                                ",
California,Closed to Public - Uber Drivers Only ,https://www.avis.com/en/locations/us/ca/glendale/ubjgx,Hilton LA North/Glendale Hotel,"
                                                    100 West Glenoaks Blvd
                                                ",
California,Closed to Public - Uber Drivers Only ,https://www.avis.com/en/locations/us/ca/glendale/ubjgx,Closed to Public - Uber Drivers Only,"
                                                    100 West Glenoaks Blvd
                                                ",
California,Closed to Public - Uber Drivers Only ,https://www.avis.com/en/locations/us/ca/glendale/ubjgx,Burbank Downtown,"
                                                    2509 W Olive Ave
                                                ",
California,Closed to Public - Uber Drivers Only ,https://www.avis.com/en/locations/us/ca/glendale/ubjgx,Pasadena - Arroyo Pkwy,"
                                                    665 S Arroyo Pkwy
                                                ",
California,Closed to Public - Uber Drivers Only ,https://www.avis.com/en/locations/us/ca/glendale/ubjgx,Closed to Public - Uber Drivers Only,"
                                                    665 S Arroyo Prkwy
                                                ",
California,Closed to Public - Uber Drivers Only ,https://www.avis.com/en/locations/us/ca/glendale/ubjgx,Loews Hollywood Hotel,"
                                                    1755 N Highland Ave
                                                ",
California,Closed to Public - Uber Drivers Only ,https://www.avis.com/en/locations/us/ca/glendale/ubjgx,Union Station (Amtrak),"
                                                    800 N Alameda St
                                                ",
California,Closed to Public - Uber Drivers Only ,https://www.avis.com/en/locations/us/ca/glendale/ubjgx,"Hollywood, CA","
                                                    1333 N Highland Ave
                                                ",
California,Closed to Public - Uber Drivers Only ,https://www.avis.com/en/locations/us/ca/glendale/ubjgx,Pasadena - Lake Ave,"
                                                    570 N Lake Ave
                                                ",
California,Closed to Public - Uber Drivers Only ,https://www.avis.com/en/locations/us/ca/glendale/ubjgx,Burbank/Bob Hope Airport,"
                                                    2501 N Hollywood Way - Ste 7
                                                ",
California,Closed to Public - Uber Drivers Only ,https://www.avis.com/en/locations/us/ca/glendale/ubjgx,NARA Financial Center,"
                                                    3600 Wilshire Blvd - Ste 100M
                                                ",
California,Closed to Public - Uber Drivers Only ,https://www.avis.com/en/locations/us/ca/glendale/ubjgx,The BLOC Shopping Center,"
                                                    700 W 7th St - Ste A 200
                                                ",
California,Closed to Public - Uber Drivers Only ,https://www.avis.com/en/locations/us/ca/glendale/ubjgx,Closed to Public - Uber Drivers Only,"
                                                    700 W 7th St - Ste A 200
                                                ",
California,Closed to Public - Uber Drivers Only ,https://www.avis.com/en/locations/us/ca/glendale/ubjgx,Los Angeles Downtown,"
                                                    888 S Figueroa St - Ste 130
                                                ",
California,Closed to Public - Uber Drivers Only ,https://www.avis.com/en/locations/us/ca/glendale/ubjgx,Closed to Public - Uber Drivers Only,"
                                                    647 Mateo St
                                                ",
California,Closed to Public - Uber Drivers Only ,https://www.avis.com/en/locations/us/ca/glendale/ubjgx,Alhambra,"
                                                    330 S Garfield Ave - Ste 108
                                                ",
California,Closed to Public - Uber Drivers Only ,https://www.avis.com/en/locations/us/ca/glendale/ubjgx,Studio City,"
                                                    11656 Ventura Blvd
                                                ",
California,Closed to Public - Uber Drivers Only ,https://www.avis.com/en/locations/us/ca/glendale/ubjgx,Los Angeles-Arts District,"
                                                    647 Mateo St
                                                ",
California,Closed to Public - Uber Drivers Only ,https://www.avis.com/en/locations/us/ca/glendale/ubjgx,North Hollywood,"
                                                    7521 Lankershim Blvd
                                                ",
California,Glendale - Brand Blvd ,https://www.avis.com/en/locations/us/ca/glendale/u7s, Glendale - Brand Blvd," 617 S Brand Blvd,"," 617 S Brand Blvd, Glendale, CA, 91204, U S A"
California,Hilton LA North/Glendale Hotel ,https://www.avis.com/en/locations/us/ca/glendale/jgx, Hilton LA North/Glendale Hotel," 100 West Glenoaks Blvd,"," 100 West Glenoaks Blvd, Glendale, CA, 91202, U S A"
California,Hawthorne ,https://www.avis.com/en/locations/us/ca/hawthorne/h8c, Hawthorne," 3145 W Rosecrans Ave,"," 3145 W Rosecrans Ave, (west of Crenshaw Blvd), Hawthorne, CA, 90250, U S A"
California,Hemet Valley Center ,https://www.avis.com/en/locations/us/ca/hemet/he2, Hemet Valley Center," 3635 W Florida Ave,"," 3635 W Florida Ave, (SW corner of Sanderson Ave), Hemet, CA, 92545, U S A"
California,Closed to Public - HPE Employees Only ,https://www.avis.com/en/locations/us/ca/hewlett-packard-only-palo-alto/y2p, Closed to Public - HPE Employees Only," Preferred Wizard Number Required,"," Preferred Wizard Number Required, 6280 America Center Dr, HPE Only/San Jose, CA, 94304, U S A"
California,Closed to Public - HPE Employees Only ,https://www.avis.com/en/locations/us/ca/hewlett-packard-only-roseville/r0v, Closed to Public - HPE Employees Only," Preferred Wizard Number Required,"," Preferred Wizard Number Required, 8000 Foothills Blvd, HPE Only/Roseville, CA, 95747, U S A"
California,Closed to Public - HP Inc Employees Only ,https://www.avis.com/en/locations/us/ca/hewlett-packard-only-san-diego/ys5, Closed to Public - HP Inc Employees Only," Preferred Wizard Number Required,"," Preferred Wizard Number Required, 16399 W Bernardo Dr, HP INC Only/San Diego, CA, 92127, U S A"
California,"Hollywood, CA ",https://www.avis.com/en/locations/us/ca/hollywood/z9u," Hollywood, CA"," 1333 N Highland Ave,"," 1333 N Highland Ave, Hollywood, CA, 90028, U S A"
California,Loews Hollywood Hotel ,https://www.avis.com/en/locations/us/ca/hollywood/avhl1, Loews Hollywood Hotel," 1755 N Highland Ave,"," 1755 N Highland Ave, Hollywood, CA, 90028, U S A"
California,Closed to Public - HP Inc Employees Only ,https://www.avis.com/en/locations/us/ca/hp-inc-only-palo-alto/he7, Closed to Public - HP Inc Employees Only," Preferred Wizard Number Required,"," Preferred Wizard Number Required, 1501 Page Mill Rd, HP INC Only/Palo Alto, CA, 94304, U S A"
California,Closed to Public - HP Inc Employees Only ,https://www.avis.com/en/locations/us/ca/hp-inc-only-san-diego/ys5, Closed to Public - HP Inc Employees Only," Preferred Wizard Number Required,"," Preferred Wizard Number Required, 16399 W Bernardo Dr, HP INC Only/San Diego, CA, 92127, U S A"
California,Closed to Public - HPE Employees Only ,https://www.avis.com/en/locations/us/ca/hpe-only-roseville/r0v, Closed to Public - HPE Employees Only," Preferred Wizard Number Required,"," Preferred Wizard Number Required, 8000 Foothills Blvd, HPE Only/Roseville, CA, 95747, U S A"
California,Closed to Public - HP Inc Employees Only ,https://www.avis.com/en/locations/us/ca/hpe-only-san-diego/ys5, Closed to Public - HP Inc Employees Only," Preferred Wizard Number Required,"," Preferred Wizard Number Required, 16399 W Bernardo Dr, HP INC Only/San Diego, CA, 92127, U S A"
California,Closed to Public - HPE Employees Only ,https://www.avis.com/en/locations/us/ca/hpe-only-san-jose/y2p, Closed to Public - HPE Employees Only," Preferred Wizard Number Required,"," Preferred Wizard Number Required, 6280 America Center Dr, HPE Only/San Jose, CA, 94304, U S A"
California,Plaza de la Playa ,https://www.avis.com/en/locations/us/ca/huntington-beach/hb2, Plaza de la Playa," 19092 Beach Blvd - Ste W,"," 19092 Beach Blvd - Ste W, (btwn Yorktown &amp; Garfield St), Huntington Beach, CA, 92648, U S A"
California,Imperial County Airport ,https://www.avis.com/en/locations/us/ca/imperial/ipl, Imperial County Airport," 1101 Airport Rd,"," 1101 Airport Rd, Imperial, CA, 92251, U S A"
California,Inglewood ,https://www.avis.com/en/locations/us/ca/inglewood/avi01, Inglewood," 636 S La Brea Ave,"," 636 S La Brea Ave, Inglewood, CA, 90301, U S A"
California,Inyokern Airport (Flights Only) ,https://www.avis.com/en/locations/us/ca/inyokern/iyk, Inyokern Airport (Flights Only)," 1669 Airport Rd,"," 1669 Airport Rd, (Airline Passengers Only), Inyokern, CA, 93527, U S A"
California,La Habra ,https://www.avis.com/en/locations/us/ca/la-habra/ha1, La Habra," 620 S Beach Blvd,"," 620 S Beach Blvd, La Habra, CA, 90631, U S A"
California,La Jolla ,https://www.avis.com/en/locations/us/ca/la-jolla/lj4, La Jolla," 1110 Torrey Pines Rd - Ste H,"," 1110 Torrey Pines Rd - Ste H, La Jolla, CA, 92037, U S A"
California,Crown Valley Mall ,https://www.avis.com/en/locations/us/ca/laguna-niguel/ln2, Crown Valley Mall," 30242 Crown Valley Pkwy-Ste 2B,"," 30242 Crown Valley Pkwy-Ste 2B, Laguna Niguel, CA, 92677, U S A"
California,Lake Forest ,https://www.avis.com/en/locations/us/ca/lake-forest/l5t, Lake Forest," 22722 Centre Dr - Ste D,"," 22722 Centre Dr - Ste D, Lake Forest, CA, 92630, U S A"
California,Lancaster - 10th St ,https://www.avis.com/en/locations/us/ca/lancaster/w3j, Lancaster - 10th St," 43365 10th St West,"," 43365 10th St West, Lancaster, CA, 93534, U S A"
California,Lancaster - Ave J ,https://www.avis.com/en/locations/us/ca/lancaster/wjf, Lancaster - Ave J," 221 W Ave J,"," 221 W Ave J, Lancaster, CA, 93534, U S A"
California,ICB Building - Downtown ,https://www.avis.com/en/locations/us/ca/long-beach/lb5, ICB Building - Downtown," 249 E Ocean Blvd - Ste 104,"," 249 E Ocean Blvd - Ste 104, (at Long Beach Blvd), Long Beach, CA, 90802, U S A"
California,Long Beach ,https://www.avis.com/en/locations/us/ca/long-beach/lh4, Long Beach," 2165 Long Beach Blvd,"," 2165 Long Beach Blvd, Long Beach, CA, 90806, U S A"
California,Long Beach Airport ,https://www.avis.com/en/locations/us/ca/long-beach/lgb, Long Beach Airport," 4100 Donald Douglas Dr,"," 4100 Donald Douglas Dr, Long Beach, CA, 90808, U S A"
California,Closed to Public - Uber Drivers Only ,https://www.avis.com/en/locations/us/ca/los-angeles/ubl7x,Union Station (Amtrak),"
                                                    800 N Alameda St
                                                ",
California,Closed to Public - Uber Drivers Only ,https://www.avis.com/en/locations/us/ca/los-angeles/ubl7x,The BLOC Shopping Center,"
                                                    700 W 7th St - Ste A 200
                                                ",
California,Closed to Public - Uber Drivers Only ,https://www.avis.com/en/locations/us/ca/los-angeles/ubl7x,Closed to Public - Uber Drivers Only,"
                                                    700 W 7th St - Ste A 200
                                                ",
California,Closed to Public - Uber Drivers Only ,https://www.avis.com/en/locations/us/ca/los-angeles/ubl7x,Los Angeles Downtown,"
                                                    888 S Figueroa St - Ste 130
                                                ",
California,Closed to Public - Uber Drivers Only ,https://www.avis.com/en/locations/us/ca/los-angeles/ubl7x,Closed to Public - Uber Drivers Only,"
                                                    647 Mateo St
                                                ",
California,Closed to Public - Uber Drivers Only ,https://www.avis.com/en/locations/us/ca/los-angeles/ubl7x,Los Angeles-Arts District,"
                                                    647 Mateo St
                                                ",
California,Closed to Public - Uber Drivers Only ,https://www.avis.com/en/locations/us/ca/los-angeles/ubl7x,NARA Financial Center,"
                                                    3600 Wilshire Blvd - Ste 100M
                                                ",
California,Closed to Public - Uber Drivers Only ,https://www.avis.com/en/locations/us/ca/los-angeles/ubl7x,Glendale - Brand Blvd,"
                                                    617 S Brand Blvd
                                                ",
California,Closed to Public - Uber Drivers Only ,https://www.avis.com/en/locations/us/ca/los-angeles/ubl7x,"Hollywood, CA","
                                                    1333 N Highland Ave
                                                ",
California,Closed to Public - Uber Drivers Only ,https://www.avis.com/en/locations/us/ca/los-angeles/ubl7x,Loews Hollywood Hotel,"
                                                    1755 N Highland Ave
                                                ",
California,Closed to Public - Uber Drivers Only ,https://www.avis.com/en/locations/us/ca/los-angeles/ubl7x,Alhambra,"
                                                    330 S Garfield Ave - Ste 108
                                                ",
California,Closed to Public - Uber Drivers Only ,https://www.avis.com/en/locations/us/ca/los-angeles/ubl7x,Hilton LA North/Glendale Hotel,"
                                                    100 West Glenoaks Blvd
                                                ",
California,Closed to Public - Uber Drivers Only ,https://www.avis.com/en/locations/us/ca/los-angeles/ubl7x,Closed to Public - Uber Drivers Only,"
                                                    100 West Glenoaks Blvd
                                                ",
California,Closed to Public - Uber Drivers Only ,https://www.avis.com/en/locations/us/ca/los-angeles/ubl7x,Pasadena - Arroyo Pkwy,"
                                                    665 S Arroyo Pkwy
                                                ",
California,Closed to Public - Uber Drivers Only ,https://www.avis.com/en/locations/us/ca/los-angeles/ubl7x,Closed to Public - Uber Drivers Only,"
                                                    665 S Arroyo Prkwy
                                                ",
California,Closed to Public - Uber Drivers Only ,https://www.avis.com/en/locations/us/ca/los-angeles/ubl7x,Montebello,"
                                                    1212 W Whittier Blvd
                                                ",
California,Closed to Public - Uber Drivers Only ,https://www.avis.com/en/locations/us/ca/los-angeles/ubl7x,Burbank Downtown,"
                                                    2509 W Olive Ave
                                                ",
California,Closed to Public - Uber Drivers Only ,https://www.avis.com/en/locations/us/ca/los-angeles/ubl7x,Inglewood,"
                                                    636 S La Brea Ave
                                                ",
California,Closed to Public - Uber Drivers Only ,https://www.avis.com/en/locations/us/ca/los-angeles/ubl7x,Closed to Public - Uber Drivers Only,"
                                                    636 S La Brea Ave
                                                ",
California,Closed to Public - Uber Drivers Only ,https://www.avis.com/en/locations/us/ca/los-angeles/ubl7x,Pasadena - Lake Ave,"
                                                    570 N Lake Ave
                                                ",
California,Los Angeles Downtown ,https://www.avis.com/en/locations/us/ca/los-angeles/la1, Los Angeles Downtown," 888 S Figueroa St - Ste 130,"," 888 S Figueroa St - Ste 130, Los Angeles, CA, 90017, U S A"
California,Los Angeles Intl Airport ,https://www.avis.com/en/locations/us/ca/los-angeles/lax, Los Angeles Intl Airport," 9217 Airport Blvd,"," 9217 Airport Blvd, Los Angeles, CA, 90045, U S A"
California,Los Angeles-Arts District ,https://www.avis.com/en/locations/us/ca/los-angeles/l7x, Los Angeles-Arts District," 647 Mateo St,"," 647 Mateo St, Los Angeles, CA, 90021, U S A"
California,NARA Financial Center ,https://www.avis.com/en/locations/us/ca/los-angeles/q9c, NARA Financial Center," 3600 Wilshire Blvd - Ste 100M,"," 3600 Wilshire Blvd - Ste 100M, (btwn Normandie &amp; Western Ave), Los Angeles, CA, 90010, U S A"
California,The BLOC Shopping Center ,https://www.avis.com/en/locations/us/ca/los-angeles/bl5, The BLOC Shopping Center," 700 W 7th St - Ste A 200,"," 700 W 7th St - Ste A 200, (inside the BLOC Garage), Los Angeles, CA, 90017, U S A"
California,Union Station (Amtrak) ,https://www.avis.com/en/locations/us/ca/los-angeles/us9, Union Station (Amtrak)," 800 N Alameda St,"," 800 N Alameda St, (near Cesar Chavez Ave), Los Angeles, CA, 90012, U S A"
California,Westwood/Beverly Hills ,https://www.avis.com/en/locations/us/ca/los-angeles/w5c, Westwood/Beverly Hills," 1234 Westwood Blvd,"," 1234 Westwood Blvd, (cnr of Westwood &amp; Wilshire), Los Angeles, CA, 90024, U S A"
California,Merced ,https://www.avis.com/en/locations/us/ca/merced/qm6, Merced," 1599 W 16th St,"," 1599 W 16th St, Merced, CA, 95340, U S A"
California,Midway City ,https://www.avis.com/en/locations/us/ca/midway-city/m8c, Midway City," 15122 Beach Blvd,"," 15122 Beach Blvd, (near 405 Fwy), Midway City, CA, 92655, U S A"
California,College Center ,https://www.avis.com/en/locations/us/ca/mission-viejo/avmv1, College Center," 28201 Marguerite Pkwy - Ste 13,"," 28201 Marguerite Pkwy - Ste 13, Mission Viejo, CA, 92692, U S A"
California,Modesto City-County Airport ,https://www.avis.com/en/locations/us/ca/modesto/mod, Modesto City-County Airport," 617 Airport Way,"," 617 Airport Way, Modesto, CA, 95354, U S A"
California,Wood Colony Shopping Ctr ,https://www.avis.com/en/locations/us/ca/modesto/v6y, Wood Colony Shopping Ctr," 3900 Pelandale Ave - Ste 145,"," 3900 Pelandale Ave - Ste 145, Modesto, CA, 95356, U S A"
California,Monrovia/Duarte ,https://www.avis.com/en/locations/us/ca/monrovia/ks4, Monrovia/Duarte," 1111 E Huntington Dr,"," 1111 E Huntington Dr, Monrovia, CA, 91016, U S A"
California,Upland ,https://www.avis.com/en/locations/us/ca/montclair/cm6, Upland," 560 N Mountain Ave - Ste J,"," 560 N Mountain Ave - Ste J, (faces Arrow Hwy), Upland, CA, 91786, U S A"
California,Montebello ,https://www.avis.com/en/locations/us/ca/montebello/mc7, Montebello," 1212 W Whittier Blvd,"," 1212 W Whittier Blvd, (4 blks W of Montebello Blvd), Montebello, CA, 90640, U S A"
California,Monterey Regional Airport ,https://www.avis.com/en/locations/us/ca/monterey/mry, Monterey Regional Airport," 200 Fred Kane Dr - Ste 106,"," 200 Fred Kane Dr - Ste 106, Monterey, CA, 93940, U S A"
California,Moreno Valley Mall ,https://www.avis.com/en/locations/us/ca/moreno-valley/vm9, Moreno Valley Mall," 22500 Town Circle - Ste 1102,"," 22500 Town Circle - Ste 1102, Moreno Valley, CA, 92553, U S A"
California,Mountain View ,https://www.avis.com/en/locations/us/ca/mountain-view/v6w, Mountain View," 2452 Old Middlefield Way,"," 2452 Old Middlefield Way, Mountain View, CA, 94043, U S A"
California,Spectrum Shopping Center ,https://www.avis.com/en/locations/us/ca/murrieta/m9z, Spectrum Shopping Center," 25125 Madison Ave - Ste 100A,"," 25125 Madison Ave - Ste 100A, Murrieta, CA, 92562, U S A"
California,Closed to Public - Uber Drivers Only ,https://www.avis.com/en/locations/us/ca/napa/ubq8j, Closed to Public - Uber Drivers Only," 476 Soscol Ave,"," 476 Soscol Ave, Napa, CA, 94559, U S A"
California,Napa ,https://www.avis.com/en/locations/us/ca/napa/q8j, Napa," 476 Soscol Ave,"," 476 Soscol Ave, Napa, CA, 94559, U S A"
California,Newport Beach ,https://www.avis.com/en/locations/us/ca/newport-beach/nt7, Newport Beach," 4200 Campus Dr,"," 4200 Campus Dr, (across the street from SNA), Newport Beach, CA, 92660, U S A"
California,North Hollywood ,https://www.avis.com/en/locations/us/ca/north-hollywood/n5h, North Hollywood," 7521 Lankershim Blvd,"," 7521 Lankershim Blvd, North Hollywood, CA, 91605, U S A"
California,Northridge Mini Mall ,https://www.avis.com/en/locations/us/ca/northridge/n2c, Northridge Mini Mall," 9545 Reseda Blvd - Unit 5,"," 9545 Reseda Blvd - Unit 5, Northridge, CA, 91324, U S A"
California,Closed to Public - Uber Drivers Only ,https://www.avis.com/en/locations/us/ca/oakland/ubok8,Oakland Downtown,"
                                                    2428 Webster St
                                                ",
California,Closed to Public - Uber Drivers Only ,https://www.avis.com/en/locations/us/ca/oakland/ubok8,Closed to Public - Uber Drivers Only,"
                                                    2428 Webster St
                                                ",
California,Closed to Public - Uber Drivers Only ,https://www.avis.com/en/locations/us/ca/oakland/ubok8,Berkeley - Kittredge St,"
                                                    2000 Kittredge St
                                                ",
California,Closed to Public - Uber Drivers Only ,https://www.avis.com/en/locations/us/ca/oakland/ubok8,Berkeley - Gilman St,"
                                                    600 Gilman St
                                                ",
California,Closed to Public - Uber Drivers Only ,https://www.avis.com/en/locations/us/ca/oakland/ubok8,Oakland Intl Airport,"
                                                    7600 Earhart Rd
                                                ",
California,Closed to Public - Uber Drivers Only ,https://www.avis.com/en/locations/us/ca/oakland/ubok8,Hyatt Regency Embarcadero,"
                                                    5 Embarcadero Center
                                                ",
California,Closed to Public - Uber Drivers Only ,https://www.avis.com/en/locations/us/ca/oakland/ubok8,San Francisco - Howard St,"
                                                    821 Howard St
                                                ",
California,Closed to Public - Uber Drivers Only ,https://www.avis.com/en/locations/us/ca/oakland/ubok8,Hilton Hotel - OFarrell St,"
                                                    333 OFarrell St
                                                ",
California,Closed to Public - Uber Drivers Only ,https://www.avis.com/en/locations/us/ca/oakland/ubok8,Uber Valet Rentals Only,"
                                                    333 OFarrell St
                                                ",
California,Closed to Public - Uber Drivers Only ,https://www.avis.com/en/locations/us/ca/oakland/ubok8,Union Square - Post St,"
                                                    675 Post St
                                                ",
California,Closed to Public - Uber Drivers Only ,https://www.avis.com/en/locations/us/ca/oakland/ubok8,Anchorage Square Shopping Ctr,"
                                                    500 Beach St - Ste 120
                                                ",
California,Closed to Public - Uber Drivers Only ,https://www.avis.com/en/locations/us/ca/oakland/ubok8,Closed to Public - Uber Drivers Only,"
                                                    500 Beach St - Ste 120
                                                ",
California,Closed to Public - Uber Drivers Only ,https://www.avis.com/en/locations/us/ca/oakland/ubok8,South San Francisco,"
                                                    230 Harbor Way
                                                ",
California,Closed to Public - Uber Drivers Only ,https://www.avis.com/en/locations/us/ca/oakland/ubok8,Closed to Public - Uber Drivers Only,"
                                                    1440 San Mateo Ave
                                                ",
California,Closed to Public - Uber Drivers Only ,https://www.avis.com/en/locations/us/ca/oakland/ubok8,Walnut Creek,"
                                                    2654 North Main St
                                                ",
California,Closed to Public - Uber Drivers Only ,https://www.avis.com/en/locations/us/ca/oakland/ubok8,San Francisco Intl Airport,"
                                                    780 McDonnell Rd
                                                ",
California,Closed to Public - Uber Drivers Only ,https://www.avis.com/en/locations/us/ca/oakland/ubok8,Closed to Public - Uber Drivers Only,"
                                                    121 98th Ave
                                                ",
California,Closed to Public - Uber Drivers Only ,https://www.avis.com/en/locations/us/ca/oakland/ubok8,Oakland - 98th Ave,"
                                                    121 98th Ave
                                                ",
California,Closed to Public - Uber Drivers Only ,https://www.avis.com/en/locations/us/ca/oakland/ubok8,San Rafael,"
                                                    1305 Francisco Blvd E
                                                ",
California,Closed to Public - Uber Drivers Only ,https://www.avis.com/en/locations/us/ca/oakland/ubok8,Foster City,"
                                                    1133 Chess Dr
                                                ",
California,Oakland - 98th Ave ,https://www.avis.com/en/locations/us/ca/oakland/h1w, Oakland - 98th Ave," 121 98th Ave,"," 121 98th Ave, Oakland, CA, 94603, U S A"
California,Oakland Downtown ,https://www.avis.com/en/locations/us/ca/oakland/ok8, Oakland Downtown," 2428 Webster St,"," 2428 Webster St, Oakland, CA, 94612, U S A"
California,Oakland Intl Airport ,https://www.avis.com/en/locations/us/ca/oakland/oak, Oakland Intl Airport," 7600 Earhart Rd,"," 7600 Earhart Rd, Oakland, CA, 94621, U S A"
California,Town &amp; Country Shopping Center ,https://www.avis.com/en/locations/us/ca/oceanside/ocn, Town &amp; Country Shopping Center," 1771 Oceanside Blvd - Ste B,"," 1771 Oceanside Blvd - Ste B, Oceanside, CA, 92054, U S A"
California,Ontario ,https://www.avis.com/en/locations/us/ca/ontario/on1, Ontario," 1366 E Holt Blvd,"," 1366 E Holt Blvd, Ontario, CA, 91761, U S A"
California,Ontario Intl Airport ,https://www.avis.com/en/locations/us/ca/ontario/ont, Ontario Intl Airport," 3450 E Airport Dr - Ste 500,"," 3450 E Airport Dr - Ste 500, Ontario, CA, 91761, U S A"
California,Oxnard Airport ,https://www.avis.com/en/locations/us/ca/oxnard/oxr, Oxnard Airport," 2889 W 5th St,"," 2889 W 5th St, Oxnard, CA, 93030, U S A"
California,Palm Desert ,https://www.avis.com/en/locations/us/ca/palm-desert/pds, Palm Desert," 74-881 Hovley Ln East,"," 74-881 Hovley Ln East, Palm Desert, CA, 92260, U S A"
California,Palm Springs ,https://www.avis.com/en/locations/us/ca/palm-springs/ps9, Palm Springs," 650 S Eugene Rd,"," 650 S Eugene Rd, Palm Springs, CA, 92264, U S A"
California,Palm Springs Intl Airport ,https://www.avis.com/en/locations/us/ca/palm-springs/psp, Palm Springs Intl Airport," 3400 E Tahquitz Canyon Way,"," 3400 E Tahquitz Canyon Way, Palm Springs, CA, 92262, U S A"
California,Palmdale ,https://www.avis.com/en/locations/us/ca/palmdale/ld5, Palmdale," 1342 E Palmdale Blvd,"," 1342 E Palmdale Blvd, Palmdale, CA, 93550, U S A"
California,Palo Alto ,https://www.avis.com/en/locations/us/ca/palo-alto/pa1, Palo Alto," 4230 El Camino Real,"," 4230 El Camino Real, Palo Alto, CA, 94306, U S A"
California,Pasadena - Arroyo Pkwy ,https://www.avis.com/en/locations/us/ca/pasadena/u9s, Pasadena - Arroyo Pkwy," 665 S Arroyo Pkwy,"," 665 S Arroyo Pkwy, (1 blk S of California Blvd), Pasadena, CA, 91105, U S A"
California,Pasadena - Lake Ave ,https://www.avis.com/en/locations/us/ca/pasadena/pab, Pasadena - Lake Ave," 570 N Lake Ave,"," 570 N Lake Ave, (btwn Villa St &amp; Orange Grove Blvd), Pasadena, CA, 91101, U S A"
California,All Star Ford ,https://www.avis.com/en/locations/us/ca/pittsburg/avpb2, All Star Ford," 3800 Century Court,"," 3800 Century Court, Pittsburg, CA, 94565, U S A"
California,Pleasanton ,https://www.avis.com/en/locations/us/ca/pleasanton/p1c, Pleasanton," 4003 Pimlico Dr,"," 4003 Pimlico Dr, (1 block E of Santa Rita Rd), Pleasanton, CA, 94588, U S A"
California,Port Hueneme/Oxnard ,https://www.avis.com/en/locations/us/ca/port-hueneme/ox1, Port Hueneme/Oxnard," 435 W Channel Islands Blvd,"," 435 W Channel Islands Blvd, Port Hueneme, CA, 93041, U S A"
California,Poway ,https://www.avis.com/en/locations/us/ca/poway/s3d, Poway," 12631 Poway Rd,"," 12631 Poway Rd, Poway, CA, 92064, U S A"
California,Rancho Bernardo ,https://www.avis.com/en/locations/us/ca/rancho-bernardo/sn2, Rancho Bernardo," 16410 Bernardo Center Dr,"," 16410 Bernardo Center Dr, Rancho Bernardo, CA, 92128, U S A"
California,Rancho Cordova - Sunrise Blvd ,https://www.avis.com/en/locations/us/ca/rancho-cordova/r8e, Rancho Cordova - Sunrise Blvd," 3479 Sunrise Blvd,"," 3479 Sunrise Blvd, (at Fitzgerald Rd), Rancho Cordova, CA, 95742, U S A"
California,Rancho Cordova - Zinfandel Dr ,https://www.avis.com/en/locations/us/ca/rancho-cordova/jcs, Rancho Cordova - Zinfandel Dr," 1940 Zinfandel Dr - Ste A-1,"," 1940 Zinfandel Dr - Ste A-1, Rancho Cordova, CA, 95670, U S A"
California,Orchard Hardware Plaza ,https://www.avis.com/en/locations/us/ca/rancho-cucamonga/r9c, Orchard Hardware Plaza," 9030 Foothill Blvd - Ste 110,"," 9030 Foothill Blvd - Ste 110, Rancho Cucamonga, CA, 91730, U S A"
California,Redding Municipal Airport ,https://www.avis.com/en/locations/us/ca/redding/rdd, Redding Municipal Airport," 6751 Woodrum Circle, Ste 130,"," 6751 Woodrum Circle, Ste 130, Redding, CA, 96002, U S A"
California,Redlands ,https://www.avis.com/en/locations/us/ca/redlands/rl2, Redlands," 1615 W Redlands Blvd - Ste C,"," 1615 W Redlands Blvd - Ste C, (at Alabama St, south of I-10), Redlands, CA, 92373, U S A"
California,Clarion Inn - Ridgecrest ,https://www.avis.com/en/locations/us/ca/ridgecrest/iyr, Clarion Inn - Ridgecrest," 901 N China Lake Blvd,"," 901 N China Lake Blvd, Ridgecrest, CA, 93555, U S A"
California,University Center Shopping Ctr ,https://www.avis.com/en/locations/us/ca/riverside/un7, University Center Shopping Ctr," 1521 University Ave,"," 1521 University Ave, (btwn Chicago Ave &amp; Iowa Ave), Riverside, CA, 92507, U S A"
California,Rocklin Square ,https://www.avis.com/en/locations/us/ca/rocklin/q4r, Rocklin Square," 4831 Granite Dr,"," 4831 Granite Dr, Rocklin, CA, 95677, U S A"
California,Roseville ,https://www.avis.com/en/locations/us/ca/roseville/rl4, Roseville," 107 S Harding Blvd - Ste C,"," 107 S Harding Blvd - Ste C, (at Douglas Blvd), Roseville, CA, 95678, U S A"
California,Sacramento ,https://www.avis.com/en/locations/us/ca/sacramento/x7o, Sacramento," 1813 Fulton Ave (at Arden Way),"," 1813 Fulton Ave (at Arden Way), Sacramento, CA, 95825, U S A"
California,Sacramento Downtown (at E St) ,https://www.avis.com/en/locations/us/ca/sacramento/se3, Sacramento Downtown (at E St)," 500 12th St,"," 500 12th St, Sacramento, CA, 95814, U S A"
California,Sacramento Downtown (at I St) ,https://www.avis.com/en/locations/us/ca/sacramento/s7c, Sacramento Downtown (at I St)," 901 16th St,"," 901 16th St, Sacramento, CA, 95814, U S A"
California,Sacramento Intl Airport ,https://www.avis.com/en/locations/us/ca/sacramento/smf, Sacramento Intl Airport," 6520 McNair Circle,"," 6520 McNair Circle, Sacramento, CA, 95837, U S A"
California,Closed to Public - Uber Drivers Only ,https://www.avis.com/en/locations/us/ca/san-diego/ubs4c,Closed to Public - Uber Drivers Only,"
                                                    1350 6th Ave - Ste 170
                                                ",
California,Closed to Public - Uber Drivers Only ,https://www.avis.com/en/locations/us/ca/san-diego/ubs4c,San Diego - 6th Ave,"
                                                    1350 6th Ave - Ste 170
                                                ",
California,Closed to Public - Uber Drivers Only ,https://www.avis.com/en/locations/us/ca/san-diego/ubs4c,Downtown San Diego - Little Italy,"
                                                    1670 Kettner Blvd - Ste 1
                                                ",
California,Closed to Public - Uber Drivers Only ,https://www.avis.com/en/locations/us/ca/san-diego/ubs4c,San Diego Intl Airport,"
                                                    3355 Admiral Boland Way
                                                ",
California,Closed to Public - Uber Drivers Only ,https://www.avis.com/en/locations/us/ca/san-diego/ubs4c,Town &amp; Country Resort,"
                                                    500 Hotel Circle N
                                                ",
California,Closed to Public - Uber Drivers Only ,https://www.avis.com/en/locations/us/ca/san-diego/ubs4c,Old Town San Diego,"
                                                    2790 Kurtz St - Ste 1
                                                ",
California,Closed to Public - Uber Drivers Only ,https://www.avis.com/en/locations/us/ca/san-diego/ubs4c,Loews Coronado Bay Resort,"
                                                    4000 Coronado Bay Rd
                                                ",
California,Closed to Public - Uber Drivers Only ,https://www.avis.com/en/locations/us/ca/san-diego/ubs4c,Kearny Mesa,"
                                                    7815 Balboa Ave
                                                ",
California,Closed to Public - Uber Drivers Only ,https://www.avis.com/en/locations/us/ca/san-diego/ubs4c,Chula Vista - L St,"
                                                    690 L St
                                                ",
California,Closed to Public - Uber Drivers Only ,https://www.avis.com/en/locations/us/ca/san-diego/ubs4c,Closed to Public - Uber Drivers Only,"
                                                    690 L St
                                                ",
California,Closed to Public - Uber Drivers Only ,https://www.avis.com/en/locations/us/ca/san-diego/ubs4c,La Jolla,"
                                                    1110 Torrey Pines Rd - Ste H
                                                ",
California,Closed to Public - Uber Drivers Only ,https://www.avis.com/en/locations/us/ca/san-diego/ubs4c,La Jolla Embassy Suites,"
                                                    4550 La Jolla Village Dr
                                                ",
California,Closed to Public - Uber Drivers Only ,https://www.avis.com/en/locations/us/ca/san-diego/ubs4c,Miramar/San Diego,"
                                                    8720 Miramar Rd
                                                ",
California,Closed to Public - Uber Drivers Only ,https://www.avis.com/en/locations/us/ca/san-diego/ubs4c,Parkway Plaza,"
                                                    163 Fletcher Pkwy
                                                ",
California,Closed to Public - Uber Drivers Only ,https://www.avis.com/en/locations/us/ca/san-diego/ubs4c,Closed to Public - Uber Drivers Only,"
                                                    163 Fletcher Pkwy
                                                ",
California,Closed to Public - Uber Drivers Only ,https://www.avis.com/en/locations/us/ca/san-diego/ubs4c,Piazza Carmel Shopping Center,"
                                                    3890 Valley Centre Dr - Ste 103
                                                ",
California,Closed to Public - Uber Drivers Only ,https://www.avis.com/en/locations/us/ca/san-diego/ubs4c,Cross Border Xpress (CBX),"
                                                    2745 Otay Pacific Dr
                                                ",
California,Closed to Public - Uber Drivers Only ,https://www.avis.com/en/locations/us/ca/san-diego/ubs4c,Tijuana Intl Airport,"
                                                    Abelardo Rodriguez Intl Airport
                                                ",
California,Closed to Public - Uber Drivers Only ,https://www.avis.com/en/locations/us/ca/san-diego/ubs4c,Poway,"
                                                    12631 Poway Rd
                                                ",
California,Closed to Public - Uber Drivers Only ,https://www.avis.com/en/locations/us/ca/san-diego/ubs4c,Closed to Public - BAE Systems Only,"
                                                    10920 Technology Pl
                                                ",
California,Cross Border Xpress (CBX) ,https://www.avis.com/en/locations/us/ca/san-diego/oy1, Cross Border Xpress (CBX)," 2745 Otay Pacific Dr,"," 2745 Otay Pacific Dr, (Skywalk to Tijuana Intl Airport), San Diego, CA, 92154, U S A"
California,Downtown San Diego - Little Italy ,https://www.avis.com/en/locations/us/ca/san-diego/ks3, Downtown San Diego - Little Italy," 1670 Kettner Blvd - Ste 1,"," 1670 Kettner Blvd - Ste 1, (entrance on Cedar St), San Diego, CA, 92101, U S A"
California,Kearny Mesa ,https://www.avis.com/en/locations/us/ca/san-diego/s4c, Kearny Mesa," 7815 Balboa Ave,"," 7815 Balboa Ave, San Diego, CA, 92111, U S A"
California,La Jolla Embassy Suites ,https://www.avis.com/en/locations/us/ca/san-diego/s1d, La Jolla Embassy Suites," 4550 La Jolla Village Dr,"," 4550 La Jolla Village Dr, (1/2 mile east of Genesee Ave), San Diego, CA, 92122, U S A"
California,Miramar/San Diego ,https://www.avis.com/en/locations/us/ca/san-diego/mi9, Miramar/San Diego," 8720 Miramar Rd,"," 8720 Miramar Rd, San Diego, CA, 92126, U S A"
California,Old Town San Diego ,https://www.avis.com/en/locations/us/ca/san-diego/hc9, Old Town San Diego," 2790 Kurtz St - Ste 1,"," 2790 Kurtz St - Ste 1, San Diego, CA, 92110, U S A"
California,Piazza Carmel Shopping Center ,https://www.avis.com/en/locations/us/ca/san-diego/sdd, Piazza Carmel Shopping Center," 3890 Valley Centre Dr - Ste 103,"," 3890 Valley Centre Dr - Ste 103, (Carmel Valley/Del Mar), San Diego, CA, 92130, U S A"
California,San Diego - 6th Ave ,https://www.avis.com/en/locations/us/ca/san-diego/b5y, San Diego - 6th Ave," 1350 6th Ave - Ste 170,"," 1350 6th Ave - Ste 170, (between Ash St &amp; A St), San Diego, CA, 92101, U S A"
California,San Diego Intl Airport ,https://www.avis.com/en/locations/us/ca/san-diego/san, San Diego Intl Airport," 3355 Admiral Boland Way,"," 3355 Admiral Boland Way, Ste R175 (Lindbergh Field), San Diego, CA, 92101, U S A"
California,Town &amp; Country Resort ,https://www.avis.com/en/locations/us/ca/san-diego/s6c, Town &amp; Country Resort," 500 Hotel Circle N,"," 500 Hotel Circle N, San Diego, CA, 92108, U S A"
California,Anchorage Square Shopping Ctr ,https://www.avis.com/en/locations/us/ca/san-francisco/fmw, Anchorage Square Shopping Ctr," 500 Beach St - Ste 120,"," 500 Beach St - Ste 120, Fishermans Wharf, San Francisco, CA, 94133, U S A"
California,Hilton Hotel - OFarrell St ,https://www.avis.com/en/locations/us/ca/san-francisco/us0,Hilton Hotel - OFarrell St,"
                                                    333 OFarrell St
                                                ",
California,Hilton Hotel - OFarrell St ,https://www.avis.com/en/locations/us/ca/san-francisco/us0,Uber Valet Rentals Only,"
                                                    333 OFarrell St
                                                ",
California,Hilton Hotel - OFarrell St ,https://www.avis.com/en/locations/us/ca/san-francisco/us0,Union Square - Post St,"
                                                    675 Post St
                                                ",
California,Hilton Hotel - OFarrell St ,https://www.avis.com/en/locations/us/ca/san-francisco/us0,San Francisco - Howard St,"
                                                    821 Howard St
                                                ",
California,Hilton Hotel - OFarrell St ,https://www.avis.com/en/locations/us/ca/san-francisco/us0,Hyatt Regency Embarcadero,"
                                                    5 Embarcadero Center
                                                ",
California,Hilton Hotel - OFarrell St ,https://www.avis.com/en/locations/us/ca/san-francisco/us0,Anchorage Square Shopping Ctr,"
                                                    500 Beach St - Ste 120
                                                ",
California,Hilton Hotel - OFarrell St ,https://www.avis.com/en/locations/us/ca/san-francisco/us0,Closed to Public - Uber Drivers Only,"
                                                    500 Beach St - Ste 120
                                                ",
California,Hilton Hotel - OFarrell St ,https://www.avis.com/en/locations/us/ca/san-francisco/us0,Oakland Downtown,"
                                                    2428 Webster St
                                                ",
California,Hilton Hotel - OFarrell St ,https://www.avis.com/en/locations/us/ca/san-francisco/us0,Closed to Public - Uber Drivers Only,"
                                                    2428 Webster St
                                                ",
California,Hilton Hotel - OFarrell St ,https://www.avis.com/en/locations/us/ca/san-francisco/us0,South San Francisco,"
                                                    230 Harbor Way
                                                ",
California,Hilton Hotel - OFarrell St ,https://www.avis.com/en/locations/us/ca/san-francisco/us0,Closed to Public - Uber Drivers Only,"
                                                    1440 San Mateo Ave
                                                ",
California,Hilton Hotel - OFarrell St ,https://www.avis.com/en/locations/us/ca/san-francisco/us0,Berkeley - Gilman St,"
                                                    600 Gilman St
                                                ",
California,Hilton Hotel - OFarrell St ,https://www.avis.com/en/locations/us/ca/san-francisco/us0,Berkeley - Kittredge St,"
                                                    2000 Kittredge St
                                                ",
California,Hilton Hotel - OFarrell St ,https://www.avis.com/en/locations/us/ca/san-francisco/us0,San Francisco Intl Airport,"
                                                    780 McDonnell Rd
                                                ",
California,Hilton Hotel - OFarrell St ,https://www.avis.com/en/locations/us/ca/san-francisco/us0,Oakland Intl Airport,"
                                                    7600 Earhart Rd
                                                ",
California,Hilton Hotel - OFarrell St ,https://www.avis.com/en/locations/us/ca/san-francisco/us0,San Rafael,"
                                                    1305 Francisco Blvd E
                                                ",
California,Hilton Hotel - OFarrell St ,https://www.avis.com/en/locations/us/ca/san-francisco/us0,Foster City,"
                                                    1133 Chess Dr
                                                ",
California,Hilton Hotel - OFarrell St ,https://www.avis.com/en/locations/us/ca/san-francisco/us0,Closed to Public - Uber Drivers Only,"
                                                    1133 Chess Dr
                                                ",
California,Hilton Hotel - OFarrell St ,https://www.avis.com/en/locations/us/ca/san-francisco/us0,El Mercado Shopping Center,"
                                                    1501 El Camino Real - Ste 201
                                                ",
California,Hilton Hotel - OFarrell St ,https://www.avis.com/en/locations/us/ca/san-francisco/us0,Walnut Creek,"
                                                    2654 North Main St
                                                ",
California,Hyatt Regency Embarcadero ,https://www.avis.com/en/locations/us/ca/san-francisco/e9m, Hyatt Regency Embarcadero," 5 Embarcadero Center,"," 5 Embarcadero Center, San Francisco, CA, 94111, U S A"
California,San Francisco - Howard St ,https://www.avis.com/en/locations/us/ca/san-francisco/h8s, San Francisco - Howard St," 821 Howard St,"," 821 Howard St, San Francisco, CA, 94103, U S A"
California,San Francisco Intl Airport ,https://www.avis.com/en/locations/us/ca/san-francisco/sfo, San Francisco Intl Airport," 780 McDonnell Rd,"," 780 McDonnell Rd, San Francisco, CA, 94128, U S A"
California,Uber Valet Rentals Only ,https://www.avis.com/en/locations/us/ca/san-francisco/vlus0,Hilton Hotel - OFarrell St,"
                                                    333 OFarrell St
                                                ",
California,Uber Valet Rentals Only ,https://www.avis.com/en/locations/us/ca/san-francisco/vlus0,Uber Valet Rentals Only,"
                                                    333 OFarrell St
                                                ",
California,Uber Valet Rentals Only ,https://www.avis.com/en/locations/us/ca/san-francisco/vlus0,Union Square - Post St,"
                                                    675 Post St
                                                ",
California,Uber Valet Rentals Only ,https://www.avis.com/en/locations/us/ca/san-francisco/vlus0,San Francisco - Howard St,"
                                                    821 Howard St
                                                ",
California,Uber Valet Rentals Only ,https://www.avis.com/en/locations/us/ca/san-francisco/vlus0,Hyatt Regency Embarcadero,"
                                                    5 Embarcadero Center
                                                ",
California,Uber Valet Rentals Only ,https://www.avis.com/en/locations/us/ca/san-francisco/vlus0,Anchorage Square Shopping Ctr,"
                                                    500 Beach St - Ste 120
                                                ",
California,Uber Valet Rentals Only ,https://www.avis.com/en/locations/us/ca/san-francisco/vlus0,Closed to Public - Uber Drivers Only,"
                                                    500 Beach St - Ste 120
                                                ",
California,Uber Valet Rentals Only ,https://www.avis.com/en/locations/us/ca/san-francisco/vlus0,Oakland Downtown,"
                                                    2428 Webster St
                                                ",
California,Uber Valet Rentals Only ,https://www.avis.com/en/locations/us/ca/san-francisco/vlus0,Closed to Public - Uber Drivers Only,"
                                                    2428 Webster St
                                                ",
California,Uber Valet Rentals Only ,https://www.avis.com/en/locations/us/ca/san-francisco/vlus0,South San Francisco,"
                                                    230 Harbor Way
                                                ",
California,Uber Valet Rentals Only ,https://www.avis.com/en/locations/us/ca/san-francisco/vlus0,Closed to Public - Uber Drivers Only,"
                                                    1440 San Mateo Ave
                                                ",
California,Uber Valet Rentals Only ,https://www.avis.com/en/locations/us/ca/san-francisco/vlus0,Berkeley - Gilman St,"
                                                    600 Gilman St
                                                ",
California,Uber Valet Rentals Only ,https://www.avis.com/en/locations/us/ca/san-francisco/vlus0,Berkeley - Kittredge St,"
                                                    2000 Kittredge St
                                                ",
California,Uber Valet Rentals Only ,https://www.avis.com/en/locations/us/ca/san-francisco/vlus0,San Francisco Intl Airport,"
                                                    780 McDonnell Rd
                                                ",
California,Uber Valet Rentals Only ,https://www.avis.com/en/locations/us/ca/san-francisco/vlus0,Oakland Intl Airport,"
                                                    7600 Earhart Rd
                                                ",
California,Uber Valet Rentals Only ,https://www.avis.com/en/locations/us/ca/san-francisco/vlus0,San Rafael,"
                                                    1305 Francisco Blvd E
                                                ",
California,Uber Valet Rentals Only ,https://www.avis.com/en/locations/us/ca/san-francisco/vlus0,Foster City,"
                                                    1133 Chess Dr
                                                ",
California,Uber Valet Rentals Only ,https://www.avis.com/en/locations/us/ca/san-francisco/vlus0,Closed to Public - Uber Drivers Only,"
                                                    1133 Chess Dr
                                                ",
California,Uber Valet Rentals Only ,https://www.avis.com/en/locations/us/ca/san-francisco/vlus0,El Mercado Shopping Center,"
                                                    1501 El Camino Real - Ste 201
                                                ",
California,Uber Valet Rentals Only ,https://www.avis.com/en/locations/us/ca/san-francisco/vlus0,Walnut Creek,"
                                                    2654 North Main St
                                                ",
California,Union Square - Post St ,https://www.avis.com/en/locations/us/ca/san-francisco/sf1, Union Square - Post St," 675 Post St,"," 675 Post St, (between Jones St &amp; Taylor St), San Francisco, CA, 94109, U S A"
California,Eastridge Mall ,https://www.avis.com/en/locations/us/ca/san-jose/avsj2, Eastridge Mall," 2200 Eastridge Loop-Ste 1104,"," 2200 Eastridge Loop-Ste 1104, (Eastridge Mall entrance D), San Jose, CA, 95122, U S A"
California,San Jose - Holiday Inn ,https://www.avis.com/en/locations/us/ca/san-jose/avsj1, San Jose - Holiday Inn," 1350 N 1st St,"," 1350 N 1st St, San Jose, CA, 95112, U S A"
California,San Jose - Stevens Creek Blvd ,https://www.avis.com/en/locations/us/ca/san-jose/g8n, San Jose - Stevens Creek Blvd," 3680 Stevens Creek Blvd - Ste B,"," 3680 Stevens Creek Blvd - Ste B, San Jose, CA, 95117, U S A"
California,San Jose Intl Airport ,https://www.avis.com/en/locations/us/ca/san-jose/sjc, San Jose Intl Airport," 1659 Airport Blvd - Ste 2,"," 1659 Airport Blvd - Ste 2, San Jose, CA, 95110, U S A"
California,Esplanade Business Park ,https://www.avis.com/en/locations/us/ca/san-juan-capistrano/js1, Esplanade Business Park," 33161 Camino Capistrano-Ste A,"," 33161 Camino Capistrano-Ste A, San Juan Capistrano, CA, 92675, U S A"
California,San Luis Obispo County Airport ,https://www.avis.com/en/locations/us/ca/san-luis-obispo/sbp, San Luis Obispo County Airport," 975 Airport Dr - Ste 8,"," 975 Airport Dr - Ste 8, San Luis Obispo, CA, 93401, U S A"
California,San Luis Obispo Embassy Suites ,https://www.avis.com/en/locations/us/ca/san-luis-obispo/s5p, San Luis Obispo Embassy Suites," 333 Madonna Rd,"," 333 Madonna Rd, San Luis Obispo, CA, 93405, U S A"
California,San Rafael ,https://www.avis.com/en/locations/us/ca/san-rafael/s4l, San Rafael," 1305 Francisco Blvd E,"," 1305 Francisco Blvd E, San Rafael, CA, 94901, U S A"
California,San Ramon ,https://www.avis.com/en/locations/us/ca/san-ramon/rx3, San Ramon," 2551 San Ramon Valley Blvd,"," 2551 San Ramon Valley Blvd, Ste 106, San Ramon, CA, 94583, U S A"
California,CW Suites Hotel ,https://www.avis.com/en/locations/us/ca/santa-ana/nq3, CW Suites Hotel," 2701 Hotel Terrace Dr,"," 2701 Hotel Terrace Dr, Santa Ana, CA, 92705, U S A"
California,John Wayne-Orange County Apo ,https://www.avis.com/en/locations/us/ca/santa-ana/sna, John Wayne-Orange County Apo," 18601 Airport Way,"," 18601 Airport Way, Santa Ana, CA, 92707, U S A"
California,Santa Ana Downtown ,https://www.avis.com/en/locations/us/ca/santa-ana/n1b, Santa Ana Downtown," 4101 S Main St,"," 4101 S Main St, Santa Ana, CA, 92707, U S A"
California,Santa Barbara Downtown ,https://www.avis.com/en/locations/us/ca/santa-barbara/sa2, Santa Barbara Downtown," 305 E Haley St,"," 305 E Haley St, (entrance on Garden St), Santa Barbara, CA, 93101, U S A"
California,Santa Barbara Municipal Airport ,https://www.avis.com/en/locations/us/ca/santa-barbara/sba, Santa Barbara Municipal Airport," 500 Fowler Rd,"," 500 Fowler Rd, Santa Barbara, CA, 93117, U S A"
California,Closed to Public - Uber Drivers Only ,https://www.avis.com/en/locations/us/ca/santa-clara/ubsc1,Santa Clara - Lafayette St,"
                                                    2390 Lafayette St
                                                ",
California,Closed to Public - Uber Drivers Only ,https://www.avis.com/en/locations/us/ca/santa-clara/ubsc1,Closed to Public - Uber Drivers Only,"
                                                    2390 Lafayette St
                                                ",
California,Closed to Public - Uber Drivers Only ,https://www.avis.com/en/locations/us/ca/santa-clara/ubsc1,San Jose Intl Airport,"
                                                    1659 Airport Blvd - Ste 2
                                                ",
California,Closed to Public - Uber Drivers Only ,https://www.avis.com/en/locations/us/ca/santa-clara/ubsc1,San Jose - Stevens Creek Blvd,"
                                                    3680 Stevens Creek Blvd - Ste B
                                                ",
California,Closed to Public - Uber Drivers Only ,https://www.avis.com/en/locations/us/ca/santa-clara/ubsc1,San Jose - Holiday Inn,"
                                                    1350 N 1st St
                                                ",
California,Closed to Public - Uber Drivers Only ,https://www.avis.com/en/locations/us/ca/santa-clara/ubsc1,Closed to Public - HPE Employees Only,"
                                                    Preferred Wizard Number Required
                                                ",
California,Closed to Public - Uber Drivers Only ,https://www.avis.com/en/locations/us/ca/santa-clara/ubsc1,Eastridge Mall,"
                                                    2200 Eastridge Loop-Ste 1104
                                                ",
California,Closed to Public - Uber Drivers Only ,https://www.avis.com/en/locations/us/ca/santa-clara/ubsc1,Closed to Public - Uber Drivers Only,"
                                                    2200 Eastridge Loop-Ste 1104
                                                ",
California,Closed to Public - Uber Drivers Only ,https://www.avis.com/en/locations/us/ca/santa-clara/ubsc1,Closed to Public - Uber Drivers Only,"
                                                    2452 Old Middlefield Way
                                                ",
California,Closed to Public - Uber Drivers Only ,https://www.avis.com/en/locations/us/ca/santa-clara/ubsc1,Mountain View,"
                                                    2452 Old Middlefield Way
                                                ",
California,Closed to Public - Uber Drivers Only ,https://www.avis.com/en/locations/us/ca/santa-clara/ubsc1,Palo Alto,"
                                                    4230 El Camino Real
                                                ",
California,Closed to Public - Uber Drivers Only ,https://www.avis.com/en/locations/us/ca/santa-clara/ubsc1,Closed to Public - Uber Drivers Only,"
                                                    4230 El Camino Real
                                                ",
California,Closed to Public - Uber Drivers Only ,https://www.avis.com/en/locations/us/ca/santa-clara/ubsc1,Closed to Public - HP Inc Employees Only,"
                                                    Preferred Wizard Number Required
                                                ",
California,Closed to Public - Uber Drivers Only ,https://www.avis.com/en/locations/us/ca/santa-clara/ubsc1,Fremont,"
                                                    5307 Central Ave
                                                ",
California,Closed to Public - Uber Drivers Only ,https://www.avis.com/en/locations/us/ca/santa-clara/ubsc1,Closed to Public - Uber Drivers Only,"
                                                    5307 Central Ave
                                                ",
California,Closed to Public - Uber Drivers Only ,https://www.avis.com/en/locations/us/ca/santa-clara/ubsc1,El Mercado Shopping Center,"
                                                    1501 El Camino Real - Ste 201
                                                ",
California,Closed to Public - Uber Drivers Only ,https://www.avis.com/en/locations/us/ca/santa-clara/ubsc1,Oakland - 98th Ave,"
                                                    121 98th Ave
                                                ",
California,Closed to Public - Uber Drivers Only ,https://www.avis.com/en/locations/us/ca/santa-clara/ubsc1,Closed to Public - Uber Drivers Only,"
                                                    121 98th Ave
                                                ",
California,Closed to Public - Uber Drivers Only ,https://www.avis.com/en/locations/us/ca/santa-clara/ubsc1,Foster City,"
                                                    1133 Chess Dr
                                                ",
California,Closed to Public - Uber Drivers Only ,https://www.avis.com/en/locations/us/ca/santa-clara/ubsc1,Closed to Public - Uber Drivers Only,"
                                                    1133 Chess Dr
                                                ",
California,Santa Clara - Lafayette St ,https://www.avis.com/en/locations/us/ca/santa-clara/avsc1, Santa Clara - Lafayette St," 2390 Lafayette St,"," 2390 Lafayette St, Santa Clara, CA, 95050, U S A"
California,Santa Cruz CA ,https://www.avis.com/en/locations/us/ca/santa-cruz/scz, Santa Cruz CA," 630 Ocean St,"," 630 Ocean St, Santa Cruz, CA, 95060, U S A"
California,Santa Fe Springs ,https://www.avis.com/en/locations/us/ca/santa-fe-springs/fe5, Santa Fe Springs," 13770 Firestone Blvd,"," 13770 Firestone Blvd, (at Alondra Blvd), Santa Fe Springs, CA, 90670, U S A"
California,Santa Maria Public Airport ,https://www.avis.com/en/locations/us/ca/santa-maria/smx, Santa Maria Public Airport," 3249 Skyway Dr,"," 3249 Skyway Dr, Santa Maria, CA, 93455, U S A"
California,Santa Monica ,https://www.avis.com/en/locations/us/ca/santa-monica/sm8, Santa Monica," 1027 Broadway,"," 1027 Broadway, Santa Monica, CA, 90401, U S A"
California,Santa Rosa ,https://www.avis.com/en/locations/us/ca/santa-rosa/qs8, Santa Rosa," 976 Santa Rosa Ave,"," 976 Santa Rosa Ave, (at Petaluma Hill Rd), Santa Rosa, CA, 95404, U S A"
California,Sonoma County Airport ,https://www.avis.com/en/locations/us/ca/santa-rosa/sts, Sonoma County Airport," 2266 Airport Blvd,"," 2266 Airport Blvd, Santa Rosa, CA, 95403, U S A"
California,Simi Valley ,https://www.avis.com/en/locations/us/ca/simi-valley/sv1, Simi Valley," 983 E Easy St,"," 983 E Easy St, Simi Valley, CA, 93065, U S A"
California,Hard Rock Hotel Lake Tahoe ,https://www.avis.com/en/locations/us/ca/south-lake-tahoe/lt4, Hard Rock Hotel Lake Tahoe," 50 Hwy 50,"," 50 Hwy 50, Stateline, NV, 89449, U S A"
California,South San Francisco ,https://www.avis.com/en/locations/us/ca/south-san-francisco/s6f, South San Francisco," 230 Harbor Way,"," 230 Harbor Way, (1.5 miles north of SFO), South San Francisco, CA, 94080, U S A"
California,Plum Tree Plaza Shopping Ctr ,https://www.avis.com/en/locations/us/ca/stockton/s9x, Plum Tree Plaza Shopping Ctr," 211 East March Ln,"," 211 East March Ln, (North Stockton), Stockton, CA, 95207, U S A"
California,Studio City ,https://www.avis.com/en/locations/us/ca/studio-city/s2c, Studio City," 11656 Ventura Blvd,"," 11656 Ventura Blvd, Studio City, CA, 91604, U S A"
California,Tarzana ,https://www.avis.com/en/locations/us/ca/tarzana/tz4, Tarzana," 19228 Ventura Blvd,"," 19228 Ventura Blvd, Tarzana, CA, 91356, U S A"
California,Winchester Plaza ,https://www.avis.com/en/locations/us/ca/temecula/t1c, Winchester Plaza," 27315 Jefferson Ave - Ste G1,"," 27315 Jefferson Ave - Ste G1, (at Winchester Rd), Temecula, CA, 92590, U S A"
California,Thousand Oaks East ,https://www.avis.com/en/locations/us/ca/thousand-oaks/to5, Thousand Oaks East," 389 E Thousand Oaks Blvd,"," 389 E Thousand Oaks Blvd, Unit 3, Thousand Oaks, CA, 93160, U S A"
California,Closed to Public - Uber Drivers Only ,https://www.avis.com/en/locations/us/ca/woodland-hills/ubwc1,Fresno - N Blackstone Ave,"
                                                    6261 N Blackstone Ave
                                                ",
California,Closed to Public - Uber Drivers Only ,https://www.avis.com/en/locations/us/ca/woodland-hills/ubwc1,Fresno Yosemite Intl Airport,"
                                                    5175 E Clinton Way
                                                ",
California,Closed to Public - Uber Drivers Only ,https://www.avis.com/en/locations/us/ca/woodland-hills/ubwc1,Fresno Downtown,"
                                                    2110 Ventura St
                                                ",
California,Closed to Public - Uber Drivers Only ,https://www.avis.com/en/locations/us/ca/woodland-hills/ubwc1,Merced,"
                                                    1599 W 16th St
                                                ",
California,Torrance - Hawthorne &amp; Spencer ,https://www.avis.com/en/locations/us/ca/torrance/nr7, Torrance - Hawthorne &amp; Spencer," 20522 Hawthorne Blvd,"," 20522 Hawthorne Blvd, Torrance, CA, 90503, U S A"
